{"fieldSets":[{"fields":[{"name":"primary","label":"PRIMARY","type":"colorPalette","dataType":"object","defaultValue":{"cssClass":"primary","rgbValue":"#000000"}},{"name":"secondary","label":"SECONDARY","type":"colorPalette","dataType":"object","defaultValue":{"cssClass":"secondary","rgbValue":"#2f4f4f"}},{"name":"dimgray","label":"DIMGRAY","type":"colorPalette","dataType":"object","defaultValue":{"cssClass":"dimgray","rgbValue":"#696969"}},{"name":"gainsboro","label":"GAINSBORO","type":"colorPalette","dataType":"object","defaultValue":{"cssClass":"gainsboro","rgbValue":"#dcdcdc"}},{"name":"white","label":"WHITE","type":"colorPalette","dataType":"object","defaultValue":{"cssClass":"white","rgbValue":"#ffffff"}},{"name":"deepskyblue","label":"DEEPSKYBLUE","type":"colorPalette","dataType":"object","defaultValue":{"cssClass":"deepskyblue","rgbValue":"#00bfff"}},{"name":"whitesmoke","label":"WHITESMOKE","type":"colorPalette","dataType":"object","defaultValue":{"cssClass":"whitesmoke","rgbValue":"#f5f5f5"}},{"name":"lightblue","label":"LIGHTBLUE","type":"colorPalette","dataType":"object","defaultValue":{"cssClass":"lightblue","rgbValue":"#add8e6"}},{"name":"seagreen","label":"SEAGREEN","type":"colorPalette","dataType":"object","defaultValue":{"cssClass":"seagreen","rgbValue":"#2e8b57"}},{"name":"mediumseagreen","label":"MEDIUMSEAGREEN","type":"colorPalette","dataType":"object","defaultValue":{"cssClass":"mediumseagreen","rgbValue":"#3cb371"}},{"name":"skyblue","label":"SKYBLUE","type":"colorPalette","dataType":"object","defaultValue":{"cssClass":"skyblue","rgbValue":"#87ceeb"}},{"name":"gold","label":"GOLD","type":"colorPalette","dataType":"object","defaultValue":{"cssClass":"gold","rgbValue":"#ffd700"}},{"name":"brown","label":"BROWN","type":"colorPalette","dataType":"object","defaultValue":{"cssClass":"brown","rgbValue":"#a52a2a"}},{"name":"aliceblue","label":"ALICEBLUE","type":"colorPalette","dataType":"object","defaultValue":{"cssClass":"aliceblue","rgbValue":"#f0f8ff"}},{"name":"lightgrey","label":"LIGHTGREY","type":"colorPalette","dataType":"object","defaultValue":{"cssClass":"lightgrey","rgbValue":"#d3d3d3"}},{"name":"steelblue","label":"STEELBLUE","type":"colorPalette","dataType":"object","defaultValue":{"cssClass":"steelblue","rgbValue":"#4682b4"}},{"name":"darkgreen","label":"DARKGREEN","type":"colorPalette","dataType":"object","defaultValue":{"cssClass":"darkgreen","rgbValue":"#006400"}},{"name":"honeydew","label":"HONEYDEW","type":"colorPalette","dataType":"object","defaultValue":{"cssClass":"honeydew","rgbValue":"#f0fff0"}},{"name":"saddlebrown","label":"SADDLEBROWN","type":"colorPalette","dataType":"object","defaultValue":{"cssClass":"saddlebrown","rgbValue":"#8b4513"}},{"name":"silver","label":"SILVER","type":"colorPalette","dataType":"object","defaultValue":{"cssClass":"silver","rgbValue":"#c0c0c0"}},{"name":"midnightblue","label":"MIDNIGHTBLUE","type":"colorPalette","dataType":"object","defaultValue":{"cssClass":"midnightblue","rgbValue":"#191970"}},{"name":"beige","label":"BEIGE","type":"colorPalette","dataType":"object","defaultValue":{"cssClass":"beige","rgbValue":"#f5f5dc"}},{"name":"mediumvioletred","label":"MEDIUMVIOLETRED","type":"colorPalette","dataType":"object","defaultValue":{"cssClass":"mediumvioletred","rgbValue":"#c71585"}},{"name":"slategrey","label":"SLATEGREY","type":"colorPalette","dataType":"object","defaultValue":{"cssClass":"slategrey","rgbValue":"#708090"}},{"name":"darkgrey","label":"DARKGREY","type":"colorPalette","dataType":"object","defaultValue":{"cssClass":"darkgrey","rgbValue":"#a9a9a9"}},{"name":"crimson","label":"CRIMSON","type":"colorPalette","dataType":"object","defaultValue":{"cssClass":"crimson","rgbValue":"#dc143c"}},{"name":"lightcyan","label":"LIGHTCYAN","type":"colorPalette","dataType":"object","defaultValue":{"cssClass":"lightcyan","rgbValue":"#e0ffff"}},{"name":"cornsilk","label":"CORNSILK","type":"colorPalette","dataType":"object","defaultValue":{"cssClass":"cornsilk","rgbValue":"#fff8dc"}},{"name":"mistyrose","label":"MISTYROSE","type":"colorPalette","dataType":"object","defaultValue":{"cssClass":"mistyrose","rgbValue":"#ffe4e1"}},{"name":"maroon","label":"MAROON","type":"colorPalette","dataType":"object","defaultValue":{"cssClass":"maroon","rgbValue":"#800000"}},{"name":"powderblue","label":"POWDERBLUE","type":"colorPalette","dataType":"object","defaultValue":{"cssClass":"powderblue","rgbValue":"#b0e0e6"}},{"name":"wheat","label":"WHEAT","type":"colorPalette","dataType":"object","defaultValue":{"cssClass":"wheat","rgbValue":"#f5deb3"}}]}]}